Account,Expiry
12345,20/12/2023
35065243
37108809
5354952,31/12/2024,00:00
526475,31/03/2024,00:00
37107653,31/03/2024,00:00
37104007,31/03/2024,00:00
37110677,31/12/2024,00:00
51511489,31/12/2024,00:00
37104104,31/12/2024,00:00
68144382,31/03/2024,00:00
37110098,31/03/2024,00:00
68150290,31/01/2024,00:00
27153119,26/01/2025,00:00
37109066,31/07/2024,00:00
27166244,31/07/2024,00:00
68145200,05/02/2025,00:00
37113865,05/02/2025,00:00
68152183,09/03/2024,00:00
11056407,12/02/2025,00:00
27163036,13/03/2024,00:00
37102808,22/03/2024,00:00
